{"cameraMode":{"drawMode":0,"name":"Shaded","section":"Shading Mode"},"sceneLighting":true,"audioPlay":false,"sceneViewState":{"showFog":true,"showMaterialUpdate":false,"showSkybox":true,"showFlares":true,"showImageEffects":true,"showParticleSystems":true},"in2DMode":false,"pivot":{"x":39.64744186401367,"y":0.5499999523162842,"z":47.9447135925293},"rotation":{"x":-0.005389123689383268,"y":0.9741777181625366,"z":0.023384753614664079,"w":0.22450363636016847},"size":3.0310888290405275,"orthographic":false}